altitude,speed,fuel_flow,flight_time,route_efficiency
33745.401188473625,437.02658576772393,2785.117051207718,3.690811976835592,0.8715987634850778
39507.14306409916,508.3801894756716,2740.9363972159995,4.186725588765489,0.9416296987899959
37319.93941811405,574.5891671752817,4718.763741563111,2.001871595169996,0.9280482789370477
35986.58484197037,546.4449772819122,2748.6385995485184,3.4994963984279956,0.746169971408132
31560.186404424367,561.3122295722899,2815.849178385893,3.2869839325749948,0.7447748409224422
31559.945203362025,531.7566733421435,4278.194787253891,4.331321507153085,0.780452310323474
30580.836121681994,538.4553129035705,3349.21952735162,4.624348241925042,0.8083224179023112
38661.76145774935,569.8391303130638,4330.131670865543,1.0486270859095472,0.8225366744225447
36011.15011743209,449.9336017718372,2196.0984726931556,3.6960796762351706,0.9039091650500035
37080.725777960455,497.8849927286281,3462.713581020153,1.207343196478916,0.7170041296497506
30205.844942958025,444.24188836392045,2100.8408005498477,3.1954346603094237,0.7104018112678199
39699.09852161994,597.5336015993294,2187.9596103660638,2.150530916174713,0.8175731688831727
38324.42640800422,588.8118679373226,4719.312360033233,2.227106398088565,0.9091491076413941
32123.39110678276,407.88536227370116,2417.7361133527857,2.4118340138094263,0.7580306028869448
31818.249672071008,541.1150345031376,3597.2620468256514,3.4851697961984405,0.8924513443768755
31834.045098534338,585.0496634831331,3233.2868078021197,2.336199862675077,0.7779484413820899
33042.422429595375,436.1150690254667,3042.029978776528,3.9307962023611216,0.965825832644055
35247.56431632238,513.5890461105259,4699.500037061817,2.6181095422954788,0.968706983279985
34319.450186421156,583.0976595176083,2065.4701903264686,1.2734128012398345,0.7891861612843979
32912.291401980416,406.78919571715977,3991.3690585267673,4.135039369936429,0.7689981261889721
36118.52894722379,539.484053449368,4890.183302640651,2.143033298370824,0.8233911916198694
31394.93860652042,459.4698014745102,3680.504550385526,2.7310675183970505,0.7721594755540446
32921.44648535218,584.879239075306,4810.467386099275,3.741775532887606,0.901715152987511
33663.61843293691,594.2116490330735,2156.773637858071,2.329824628594848,0.9478194053644856
34560.69984217036,588.8532978226867,3256.3799572224843,1.2263426245868625,0.9019276392733651
37851.75961393014,494.84284333149276,2780.4733728861534,2.4956841880512544,0.9473051341748049
31996.737821583596,572.4085301978627,4192.462894942189,4.777794330777214,0.8190976486622422
35142.344384136115,568.909879707014,4943.891271491741,3.5669375891942328,0.7468950912126582
35924.145688620425,463.82009464865115,2769.5901873327434,3.6859165946688277,0.9213852842192776
30464.504127199976,565.7830948301355,3962.5238044222233,3.5291286145505594,0.8081423515424662
36075.44851901438,407.40152694309853,2594.2928982792205,1.7959685558377472,0.9013812475687397
31705.241236872916,519.2539756964106,3695.99076371483,2.6733354564091205,0.7811931825945296
30650.515929852794,446.0017674575406,3391.7974600650086,4.0037591934532735,0.7243688904420018
39488.85537253333,424.11337715545574,4916.015988894611,1.4054915902126366,0.997774538646329
39656.32033074559,415.39064032584184,3825.5818180893993,2.111411104358849,0.7468604523791798
38083.97348116461,539.257755175628,3048.519116260456,2.1052764338634145,0.9965262981890444
33046.137691733704,467.9749927536132,2342.2873546638,2.728075710378024,0.9931839797699342
30976.721140063837,544.9533543057523,2453.740486204804,4.92147496376874,0.9381454311724119
36842.33026512157,413.0712681597885,2675.9507898537054,1.2700101867352878,0.8978268886245993
34401.52493739601,463.0580675661221,2752.899984020894,3.07480397752238,0.8733421150753253
31220.382348447787,507.89825847506745,4551.848173523414,1.7174587280488418,0.9598304636133503
34951.7691011127,558.1446329677927,3683.6683648475746,4.8827061816389765,0.7868318564858463
30343.885211152185,463.750500586414,3570.1727341230994,1.4532140189098568,0.840304363745463
39093.204020787816,525.1782752874018,2344.3066156076525,2.614404009446365,0.8858169908099506
32587.79981600017,577.1955496472374,4580.419080048305,3.9515399393384247,0.8233571427608473
36625.22284353982,523.1726376364609,4168.442909625452,3.818217712109781,0.8282459362270804
33117.11076089411,446.5918949507268,2203.0050857000047,2.690914547575729,0.7990854002506252
35200.680211778104,404.8801563113076,4123.5052916893055,2.386096671810873,0.8692695450053608
35467.102793432794,574.019774780186,3630.614652027938,2.5904495142114823,0.9551723584045348
31848.54455525527,404.2538821700774,2245.1760372403346,2.057105052634557,0.7604585134018939
39695.846277645585,574.9403345368398,3374.9019245859695,1.8213317548271992,0.9803299116260324
37751.328233611144,505.7874268054424,3454.0888613901407,2.93215879023556,0.9067262961244689
39394.98941564189,587.8135397025792,2497.323620489827,2.0741350242704293,0.946981963804009
38948.27350427649,559.7566471547331,4837.094441000847,2.1498466595890005,0.8668572077890034
35978.99978811085,599.5868221066675,4549.926114441985,3.6270242538982282,0.933855010427219
39218.74235023117,470.14236309034203,4007.067011987325,4.874149326799569,0.7048601192018401
30884.925020519197,553.4376577862254,3386.8866830018214,3.4145488022375003,0.9455141274338605
31959.828624191454,480.3861827218484,3235.2966247535255,1.3079178682598651,0.7120416577256099
30452.27288910538,495.97512406078175,3952.9204014528623,1.302334455416268,0.9669740129088588
33253.30330763265,525.501092643674,3636.2956082207165,4.805692883382264,0.997588824171593
33886.77289689482,574.7354228372677,2186.819317645657,2.1891631612293345,0.7882202386530333
32713.49031773896,596.816693839859,3537.507946310995,1.3682679443299017,0.7630955668857381
38287.375091519294,553.6546827729037,4419.210851698519,3.3961783486015262,0.9296090091574122
33567.53326693589,483.5533564334668,3377.719632790874,3.4945951131610644,0.775907902276076
32809.34509687381,484.27140045541404,2155.8697326628053,3.5940192804747526,0.959668714951661
35426.96083158249,547.5164603177783,4358.8345981521,2.069608111430165,0.730852777647243
31409.242249747625,447.7554291536605,2604.091346407923,1.0604427368579001,0.7377865589138074
38021.969807540394,422.0948226262789,2775.8625046641164,4.860061477817887,0.9937454665301847
30745.506436797707,470.9244315281553,2494.1190602968877,2.00357218276441,0.9021516694810013
39868.86936600517,457.44779833081634,2990.6451946144925,3.70410515221019,0.9540661673286859
37722.447692966576,459.26162409119803,4270.254517065905,3.8265194795148383,0.7972988132054554
31987.156815341725,446.72155020998196,3558.157578511812,3.4400296683179428,0.9029451248561813
30055.221171236022,408.41863792727236,2614.6438224521376,2.251629576854593,0.8782725481925792
38154.61428454834,403.57478694668276,4633.490234456122,2.084385015056263,0.8809450360368841
37068.573438476174,597.5444779472064,4638.745564854587,3.3906731308108125,0.9047597378613165
37290.07168040987,485.55462674717245,4611.73527513802,4.4643825344467665,0.8726077519387295
37712.70346685946,476.86532943193635,2716.3886341446178,4.786934915693582,0.8287187107907997
30740.446517340904,535.929456538614,3353.7180325429645,1.4236232176150305,0.782776808314164
33584.65728544273,443.6507775730128,4954.968968422625,1.6193144503908794,0.9305743992739606
31158.690595251297,589.9922367900451,4316.037428929971,4.778945035132319,0.7678817290009559
38631.034258755935,557.2690028831104,2081.5022636766794,3.9461409133391703,0.9077062918463242
36232.98126827558,417.8822004624519,2195.613773781476,4.531975299319092,0.7699998467947979
33308.980248526495,483.5161551569857,3391.7941304369983,1.8105305365413726,0.8875990509863362
30635.583502860238,575.823661512433,4727.660617584681,3.3503434844376074,0.9241234801387086
33109.82321715662,588.946404458282,3616.1053938581426,3.8045583776698946,0.7656141666719617
33251.83322026747,493.48030224997393,3493.4375241028706,3.7204475417878906,0.7179829902583924
37296.06178338064,522.6822778421415,2316.421099869892,2.6326067634667925,0.7392921228982522
36375.57471355213,433.40678921841504,3970.3403141728822,1.061579566765234,0.8817990901813076
38872.12742576326,598.2337252273953,4466.309481800677,3.3317042272170525,0.9548339218677206
34722.14925161949,446.3343402766887,3141.260022522687,2.012406156718435,0.7134990463706272
31195.942459383015,588.5463548270252,4326.835552775982,2.8010169845715613,0.9202453777124939
37132.447872229954,529.9293297984736,4893.429961702435,4.830324060335269,0.8023955937850156
37607.85048616897,521.5473589757719,2611.299377383067,2.596141270569739,0.8435585109758568
35612.77197569497,502.5377022033017,3569.9888935842237,4.359206426657707,0.9786578649536697
37709.67179954561,446.13396234355173,2861.4138742537266,1.7541624229970045,0.7995914514207536
34937.95596364391,435.30560640110167,4378.563257101518,3.6898419921001153,0.8396010801818458
35227.32829381994,444.0972418140351,3732.780097643473,4.908027817755774,0.7041047244282043
34275.410183585496,437.2876524288509,3903.7472526509114,1.4075724034917472,0.7244796160014515
30254.19126744095,555.9168947133506,4393.742478847682,1.033279768908768,0.7775774773404351
31078.914269933044,470.025051833346,3187.911417987365,2.7343311705304574,0.7083556722463222
30314.29185686734,411.5685353126793,4745.27020522113,1.3705019322054688,0.8894125978144752
36364.104112637804,593.8205260281622,3599.0866017384196,3.9935373987049254,0.8279195070404868
33143.55981076327,576.7571769926851,2473.864468506044,4.658194655394236,0.8644435608184066
35085.70691164703,585.5504566390425,4087.6973545064075,2.7360838908350353,0.7523941557688988
39075.66473926093,598.9815645292871,4379.784051314763,2.034846568621764,0.7887796088309849
32492.92229148875,434.77904984389744,2950.2850312025803,2.737613276026439,0.8991473424558175
34103.8292303563,479.24840378053176,4571.5377709962595,3.893791271400004,0.9895908170891199
37555.51138543049,551.6476951408183,4718.4297642973,1.036216646321484,0.7151250320806627
32287.981654916224,539.2041236107584,2830.7134621334267,3.3578159579387887,0.9671152962565799
30769.79909828793,430.779181267971,4950.564418145666,3.4531667395495163,0.8730643603933625
32897.51452913768,563.1666249981236,2422.1345841462753,3.550752987583742,0.8691758700266871
31612.212872540043,444.88811436733215,2606.0470052074697,1.9680883199235089,0.850083560562328
39296.97652342573,444.7635229645246,2552.6745177140783,3.856210893512507,0.720818225771255
38081.20379564417,507.3948845786827,4681.969130023612,1.3655659453271056,0.7269630555208482
36334.037565104234,518.5879869683406,3962.8776569748857,1.7970813458672033,0.8802736016977258
38714.60590187718,516.0172415675622,2456.3128496668187,4.509880186617927,0.8022875714306674
38036.720768991145,418.297367479551,3320.970255105047,3.9548926029062654,0.9751804199733042
31865.70058886036,575.492172526076,3845.894075209406,1.054982216045381,0.8219771612078417
38925.58998489978,453.1200085177412,2250.3922549681497,1.9935050414792008,0.7429844376107922
35393.42241915651,425.90298425656084,4647.249105222016,1.8576259319726582,0.9144156500506108
38074.40155164062,577.7496159737955,4410.810606324605,2.0832253121478903,0.7880060264323029
38960.91299923493,591.1302996459507,3515.620320729915,1.9902390811195456,0.8576410922067679
33180.03474971864,572.4255234530901,4901.379845777512,1.250105182971383,0.909349835651551
31100.519245276766,561.9032149449756,3253.282937825299,2.8357620663872813,0.9700792333606212
32279.35162541942,531.0483961278044,4952.330957109493,3.9309338991446605,0.9376573584405028
34271.07788626256,510.1714741218278,4003.7599964108813,3.4269268988697457,0.9029083203618172
38180.14765922493,417.39735198228203,3904.0138197618244,3.691486674392319,0.903889954718543
38607.305832563434,481.69064261413973,2497.864685887355,1.3245967141449566,0.983777393209626
30069.521305311908,474.5377034024628,4645.7832749139325,4.805962840707149,0.7887472292489608
35107.47302577566,451.9507567520652,3282.4690637618455,4.353967335372099,0.7003336282588561
34174.11003148779,544.684022737717,2486.700217347438,4.22036127398265,0.7815863678194596
32221.078104707303,499.1751470157542,2037.822559927277,4.29193522016707,0.7653674138880232
31198.653673336827,416.2092431815296,3679.2670509151476,4.730842032531045,0.8985503755341995
33376.15171403628,444.03664038996226,3582.198866368029,3.177015864454791,0.8901134799296587
39429.09703912519,536.6517527319191,4158.060867107475,1.8011280714705036,0.8780384148114171
33232.029320207555,415.22617189806004,4670.774159053406,3.4671344314101646,0.7048730329628361
35187.90621743366,570.2413828097538,2238.2197539290887,3.971525974671756,0.9186334163351942
37030.18958895178,499.0293054027949,4194.4894710210865,3.9516695734161016,0.7970591237456475
33636.29602379294,496.1173154653296,2562.2358322927466,3.0857960966675204,0.8995167967019893
39717.82082720961,518.4815569319035,4574.531159471491,1.2738348773343122,0.8669735285506459
39624.47294942111,564.9361931850299,4457.190541584969,2.4844517537205113,0.8028192776283721
32517.82295825364,469.5618415804386,3622.3812649566335,4.68306643385343,0.7403728801312323
34972.485058923856,535.6032305118127,4130.7283958699345,3.337795639029704,0.7283256692981442
33008.783098167696,513.1463927991582,2943.050339551245,3.1533277730228537,0.9494554999336671
32848.40494377467,453.4056540338843,3413.503696798444,2.075414057528774,0.9755192626244674
30368.86947354533,575.7259972710316,4464.9106931314145,2.4737956796663156,0.8949364140292899
36095.64333979897,559.4852043213856,3377.7955915196417,4.581384356612677,0.731030234458145
35026.790232288615,531.690366931685,3073.3947959763254,3.665852190107343,0.8206081650664722
30514.787512499894,570.1163458188483,3482.6373417508994,4.149548107009331,0.9186817600315471
32786.46464236612,573.4588401919605,4484.747757311656,2.8173816922706205,0.9339462652030204
39082.65885966654,541.672595343007,3005.6241421126183,3.5209888778246317,0.7354655866873265
32395.618906669726,567.4026656727344,2521.2847794072313,1.9935344349728301,0.7000092156536147
31448.94872091223,539.4942923338567,4136.042060992342,3.821843321133945,0.9136411137641816
34894.52760277563,536.02815435206,4477.934638124245,2.710405334813349,0.8069788527958617
39856.504541106005,523.7222756430368,2301.9124355706,2.7701820592589823,0.7763443994854781
32420.552715115005,550.5433279115282,2719.622338267834,3.5972892983075266,0.7038692409368575
36721.355474058786,431.7210210586147,2425.9159692829817,4.745122485875706,0.8620898220284499
37616.19615328718,576.1741518397857,3043.8242347464998,1.2560253864344837,0.9553452206277946
32376.375439923995,574.3687055490464,3351.052936716238,4.29897294938803,0.9872894938817764
37282.163486118596,405.8494566069118,4246.47901088992,2.1695324416487725,0.8697234851839868
33677.83132719253,565.1633501129526,3953.4427546450224,2.7756778180255113,0.8543383983219682
36323.058305935796,425.773973494689,3862.7857024352934,1.0876533151000358,0.7255169156467723
36335.297107608945,467.0237708518284,3057.124839828963,2.204184311337252,0.8646618404627799
35357.74684074758,548.7016512583216,4524.34265925428,3.010524970520522,0.8139937236896184
30902.897700544083,432.15197920966165,3413.8615021944934,1.224704309389756,0.882140584265073
38353.02495589238,563.5934048238124,4937.314814045463,2.9643829175326606,0.816617904362964
33207.800649717356,566.4268355915484,3902.4264148872107,4.70844251543371,0.77208973703511
31865.18510399854,501.4935467521673,2378.794224693508,1.4215728724312209,0.7284895825685129
30407.75141554764,401.2771743433667,4028.532686226302,4.057762912302017,0.7944755333766687
35908.92943188242,457.40762663498253,2975.312046295097,2.6386842135039705,0.7289934502863257
36775.64361842282,523.3853836751484,4058.981590058292,3.620694858097352,0.7530690852471952
30165.87828927856,596.2372356054847,2208.9234444872172,2.0409463919409174,0.9962008475738637
35120.93058299281,526.3627054033336,2524.644311527878,1.6379690501654331,0.8332310670719856
32264.95775197938,451.960716212832,4567.211776717359,1.6418504570849057,0.8595615299515049
36451.7279040945,526.8011406199223,2681.5386710705448,1.2819677825725786,0.9620855586211645
31743.664290049914,507.9970759431711,4511.12337572882,1.742586819604972,0.9986706701472063
36909.37738102466,555.9690790302287,2837.8282653632314,3.656877539955873,0.8748143348034044
33867.35346300538,421.39612776539167,3928.645730176123,4.526762447374033,0.9437421463132515
39367.29988736735,552.2055805004056,4082.451720529493,4.256502742364647,0.7980823073010026
31375.209441459934,508.25331573522203,3537.964259435159,3.7405372394979364,0.7917231872341873
33410.663510502585,592.5984007717989,2915.9320300901936,1.4417274536444107,0.820811116298368
31134.73521240589,468.3744332077372,2637.9331291132885,2.1567497851837993,0.9017521788020947
39246.93618278563,526.5243786267896,2099.5680636872785,2.239227501289876,0.9046575067765297
38773.39353380981,586.4056211020035,2911.8392037221715,1.999827785590485,0.7945718303948353
32579.416277151555,420.5019455981359,3959.488371593849,3.0600226388388925,0.7399629772409886
36599.84046034179,587.4456974472903,4814.914455345448,3.1422152595186903,0.8897188769396526
38172.22200201216,537.5771444601627,4613.613446789156,2.427543900684441,0.7384977586566294
35552.00811599462,413.5674118210344,4298.194329605907,2.415156634945744,0.873547752468799
35296.50578356007,460.19271338936323,4365.342029759896,4.314222391624325,0.9080266384168927
32418.522909004518,541.6344177290563,3994.9547104279854,4.157171393278743,0.9101834489183355
30931.027678058992,413.47012029375435,2780.860572698009,2.2311833267229826,0.926041633197879
38972.15757953327,516.4340920352547,4721.58509211749,4.655153775493037,0.9618578264696993
39004.180571633304,469.17661139059135,4012.196935717502,4.811260068010024,0.8499876975894365
36331.01457273268,524.1831035534955,3681.3218929413197,2.3069701681201633,0.9190747568588713
33390.29791048701,409.1484067625026,2332.9684076404433,2.4176997951722194,0.885751820609751
33492.09574612661,574.3073612304753,3341.166631419276,3.0225366136878353,0.7559919819393047
37259.55678870239,594.6977938354794,3381.074813605779,4.764483250134694,0.7077068934608224
38971.10259952577,593.7755710571383,4593.69082856801,4.505277732569246,0.7853624157030801
38870.86424265117,549.9303663485849,3639.9446605633657,1.4102718503343592,0.8329101119012858
37798.75545857624,426.01724802612637,3141.2016469112286,2.570922973085665,0.8851317833285969
36420.316461542876,551.6526391858044,4930.400985531978,3.2134847589990874,0.9549877991509617
30841.399649950486,404.9173832917603,2332.161779978947,3.01252989020616,0.7588737150118496
31616.287140946137,404.42471030579947,3267.645284935834,1.7754522717475707,0.737664936969543
38985.541885270795,464.7220438299082,2126.074025514216,4.435267084672619,0.9890439842422982
36064.2905965959,497.72863808093314,4219.712362300791,3.7077631319873494,0.7324133678129221
30091.970516166297,554.0814835615586,4754.229656597452,4.351633499407214,0.8435473210321567
31014.71542866032,536.6590753213011,2840.1119886514684,4.435057117397889,0.8756691186379906
36635.01769108056,489.1805412753497,4575.025030397363,3.993423414662959,0.8624123262722314
30050.61583846219,454.72533325633316,2876.6546913856932,2.7568424049988693,0.7258096471098829
31608.080514174988,599.4249000315422,4732.310484931746,3.442187020061698,0.7171080742010858
35487.33789366586,485.2362604471946,4261.885710790351,1.6414616244789726,0.7316450282383107
36918.95197692693,490.27740486593507,4414.7203305243165,3.6945816698996308,0.8756763051617837
36519.612595026,432.7247642383338,2054.0196668013637,1.717013022957123,0.8633034662902963
32242.693094605598,558.9619097499858,4888.431071222078,3.7757983620406272,0.7701222376110233
37121.79221347536,538.7364451562977,4180.01297621097,1.9183926430158746,0.8913322425536775
32372.490874968,444.1539225577521,2914.2532861584,1.47020520060088,0.9460202506166948
33253.996981592674,416.47620912316853,4488.1839945765405,1.6611379605718297,0.7124736879539781
37464.91405118024,536.0998604149427,2844.56359524479,1.007968540876281,0.8494389830644127
36496.328990472146,530.9022428562271,4618.261518698384,3.874958471414121,0.9067931236308071
38492.23410494178,454.65190539964186,2337.741171235811,3.9296041962335164,0.7756935781209061
36576.12892300343,590.172712450082,4111.057932382388,3.059733399653038,0.7923312715879447
35683.08603335472,430.21157835618004,3622.0954299347313,1.6454512042215348,0.8840913708968151
30936.747678280924,486.4669602085204,2289.6034105863223,1.334217350042759,0.969380588033121
33677.158030594335,588.7231840335198,2725.681484776517,1.076515865749148,0.9429773260908698
32652.023676817254,483.94546338522446,2037.2121088319443,1.6629927078608828,0.874939065729875
32439.896433790836,527.7051895328171,3406.303896393518,4.563422139932587,0.9190665153271748
39730.10554752446,479.51887959255885,2903.7957822800013,1.966147366806727,0.8094467410623396
33930.97724666761,454.843040469734,3795.0724528932765,2.4170853088688626,0.8922896584296273
38920.465551771136,596.7955295919656,2891.7134231258515,1.4213819379253327,0.839854477338267
36311.38625997263,481.8668012630086,2899.757334520954,1.8894452189926811,0.7569808409372683
37948.113035416485,578.8198407358269,4229.57959619481,3.0768982831208205,0.9105214821631771
35026.37093105192,445.99092117821726,2144.42850793506,3.4310107323826102,0.8669393912046466
35769.03884626359,442.62094080501663,4708.684985575961,1.9814092566648442,0.8075864745860774
34925.17693818864,406.22681657690225,4556.791623173544,1.2309286369004688,0.9734017570235892
31952.429877980445,530.333365075177,4003.4140496792197,2.5641314765095946,0.70628023534802
37224.52115261505,473.70526874475223,3779.664710322153,1.9368134837053366,0.7947319453748488
32807.72362440856,572.8716499679274,4676.907494418956,1.8782156929192078,0.7170644193332939
30243.15966431454,494.64198133831144,2555.9905385861434,4.839451210853821,0.9299581948664881
36454.722959071674,593.6386855829444,2236.907486572486,3.4652019437028962,0.9106322362341378
31771.10679407049,437.10510314062424,2718.5305097286146,3.2275137726883836,0.7994056656208951
39404.585843529145,573.7246335911221,4383.734836100571,2.6631004140932877,0.902698870662122
39539.285770025876,555.3193705583483,2104.01080017945,2.715777333720577,0.818781167858785
39148.64390220449,554.1843689288104,3748.420505250469,3.1636200153523233,0.9268761374267303
33701.58700255444,568.9566456233775,4986.312548573929,3.785719228144429,0.8362550988210118
30154.566165288674,552.2047981885997,4567.088281512619,3.8085843847273178,0.8236839183494996
39283.18562587725,525.244064326283,3564.3370671307684,1.6867756308217983,0.9804189746464903
34281.84148317314,426.24897553647753,2190.922727859927,3.000451008306508,0.77526372996721
39666.5481904367,406.50523589825036,4494.120543157129,2.647832380136408,0.7361342019989696
39636.19977089253,584.1695695631374,3796.935524531632,4.482107865077537,0.8753629339778375
38530.094554673604,523.3300629041476,2344.7989911787004,3.5256756848735056,0.9907965436852537
32944.488920695854,559.3074581952353,2281.5718544700685,3.130016265663927,0.813351764118156
33850.97728601925,496.30447030251,4728.880458309777,1.4615785687156695,0.7186110290886344
38511.366715168566,423.4616377924789,4007.6007888142353,3.422551557293646,0.8017915801928702
33169.22005156278,425.0371584405101,4487.860397950267,1.4688156227209337,0.8517794962958676
31694.927466860925,537.1130574457943,4636.936700846802,2.3488263022630083,0.7485769019896641
35568.0126245835,486.06117897989253,3715.317056144967,1.5713678592573275,0.8974306654169476
39361.54774160781,440.10494534006733,3552.3390552651235,3.7682945880974756,0.9993248167030602
36960.29796674973,498.3189093482874,3291.2822309629705,1.8250084553446104,0.8355218427944331
35700.61170089365,412.84178741502683,2950.839763373358,2.567437492752104,0.8064185670190638
30971.764937707685,516.3942803828797,3303.7878825761354,4.582699110475115,0.82021125005034
36150.0722669917,453.79868088701954,4321.638967190469,1.8172655335958812,0.7345438535185603
39900.53850104263,559.5118201274377,3805.7702930453947,3.0312202558351165,0.9649820804278672
31400.84015236524,462.07239178471474,4677.569869864538,2.677086644664088,0.8244476966564056
35183.29652363737,491.04402981636025,3330.140043137563,1.072496164182919,0.8161823234274523
38773.730719279556,402.3241079816201,3821.268736156262,4.171032454291251,0.8979070818791423
37407.68617754205,414.48937755891177,3893.922659275966,1.276183625258399,0.832610026279337
36970.15740995268,478.49871128133697,3775.0914869189764,2.8970200839078144,0.8944700406423538
37024.84083987109,495.98776694342473,4107.901319256549,3.2427131797557998,0.7184338870392362
33594.91151219755,520.0041096238607,2712.300405124419,3.5137058264583483,0.9441170031166682
32935.918442644936,458.3325157418607,3537.091332637372,3.7545265172315023,0.9821511858638208
38093.61155478514,538.9963772253085,2312.674408425043,2.0130895340908603,0.8946296158478158
38101.13394679181,572.0244794378409,3153.5339829344375,1.0399151066337975,0.9863697786576433
38670.723185801035,555.9701977786699,3463.001205863793,3.893774649419648,0.7454296943109889
39132.40552556471,407.92376506967145,3956.672778636417,3.1426263973903144,0.8432248568441061
35113.42398860938,496.1013894515658,4851.593157758611,4.344470812828995,0.8805420201836341
35015.162946872,420.98603568363495,3801.953199645068,4.285553451602777,0.874520994226356
37982.95178966775,448.4090031725055,4230.78174852968,4.373304671151533,0.8204385337267129
36499.63930777765,597.3325186534294,3518.7981784856083,2.9403786399181606,0.8014253228098784
37019.66877257703,428.4991085803026,3902.312094128994,2.3345135833474626,0.7380472067651256
37957.92669436101,499.7776306902712,2212.7966484013205,4.16623281036548,0.8175227351686835
38900.05341817567,523.6311468636238,2763.1747425255408,2.8051764521170197,0.7487982445316455
33379.95156851536,540.4929941088208,3085.559279615416,1.733768785613738,0.9203097029476655
33755.82952639944,511.92973669738285,3417.4800650195407,4.419896078245897,0.762649280648377
30939.81939840869,401.9541694838367,2136.9462365071513,4.530239507089389,0.7175695915853602
35782.80140996174,465.2922616487984,2420.072292659953,2.8652390245606805,0.8657098413451703
30359.42273796742,503.5423286769423,2830.4429233739174,1.3027989092391499,0.8785689198158204
34655.9801813246,417.5732998289667,4914.598072703152,2.551304359667725,0.9615739183841516
35426.44634707577,470.12538624183617,2994.0410213091523,4.214150637850413,0.8730944837253045
32865.412521282844,406.6406217582733,3446.1231743362478,4.607096114184914,0.8036442561170337
35908.332605690106,415.71569943100417,2588.2931382151787,1.8138909699903834,0.9409035644578961
30305.002499390495,479.3846552403192,3832.340213227305,1.267894448101086,0.8620836679562263
30373.481887492144,426.54315080861204,2842.0496465479227,4.509401812531355,0.7237840853893575
38226.005606596584,513.5081696523116,2620.9777353152804,2.557619755915501,0.869755168093974
33601.90641411263,537.8929938274532,3549.7178853379373,3.167043857070253,0.9724055636264988
31270.605126518847,560.1173398218166,2016.5173974812624,4.872263248203035,0.8188937876494662
35222.43260054804,440.030048848962,2022.992097947676,1.2662589116568914,0.78889774056994
37699.935530986106,433.49651645181393,2657.2064273055735,3.5932720298083822,0.743040837105406
32158.21027496843,420.91356806688003,2110.1640875024636,1.2964216902994683,0.7454336565806071
36228.90475819,527.2860499087274,2324.0772623920743,2.5018757138660015,0.8298314453025456
30853.47464993768,541.2951452973803,3016.581948016255,4.2152581807737874,0.8787039472484588
30516.817211686077,406.3172289651284,4407.757038739439,2.7338889310225376,0.7241846215508805
35313.54631568148,587.242449248738,3716.1459301079026,4.988729415611802,0.9818705767075497
35406.351216101066,410.3942567302945,3538.003177869249,3.2362371397864087,0.9265400852335588
36374.29901498207,508.2592670602141,2880.466469624365,2.284648610543814,0.8759871754850987
37260.913337226615,541.8121038901833,4795.261158298449,1.8804453036190125,0.9485316012816972
39758.52079462535,574.1938247492171,3191.045123711575,2.4020821371446472,0.7240560270436339
35163.003483011955,542.8173864264855,2261.2783003873146,2.4901330950382032,0.8430516633199373
33229.56472941246,560.3456166139583,3851.1995483534038,1.274854710895844,0.889027938058499
37951.86194768704,467.89003850856125,2341.5151804298043,2.4782967977070927,0.9485958718354868
32708.322512620744,562.9650227493024,3035.6694284050764,2.8569540789568997,0.9350408680147804
34389.714207056364,416.02296927693504,3522.2358161534266,3.8909510089552186,0.7831207749140199
30784.56381342266,578.9633312121055,4622.667574055527,3.626917938886432,0.9822640508677614
30253.507434154577,509.51847523074724,3480.6397410203563,3.835062620916617,0.737303752429261
39626.48414677925,563.4595539924987,4106.776298094993,1.0334547275074284,0.9625400855863456
38359.80120512206,490.46365690366,4978.450516997211,1.8706695983221442,0.9912820748813855
36959.74206093698,528.715539039305,2394.4673596939447,3.646737153599426,0.7531460569667876
34089.529444142696,505.28053218722266,2824.1945765585588,2.9359574727189885,0.9166198192611356
31732.943200708458,546.3179043510663,3183.7282267929395,1.0212539026733838,0.7120856556333995
31564.370426710862,416.3259964061179,3265.484535616494,4.21797856972729,0.8216268475417464
32502.428981645953,412.0704167981128,3233.063225796637,4.09123829316135,0.8548849897593022
35492.2666470612,449.4206468020293,4722.833007669665,3.1936766519742505,0.8741935677728903
37145.959227000625,431.90893602263765,4142.09793340057,1.2658533031050885,0.9807811744745678
36601.97376717731,574.3567133184404,3823.715642272111,4.066060198130339,0.9016752061882584
32799.33896945943,443.84279747160883,2928.118153588346,3.334854350925456,0.8443833853657711
39548.652806631944,595.1730511638262,4471.371152663884,4.127839908631836,0.9429025108797668
37378.969166957686,467.3791583542214,4865.181534454967,4.006987969583362,0.9851598462863227
35543.540525114004,436.42358313773985,4463.59484765068,4.212008287831349,0.7066198446046872
36117.207462343526,557.9397014284958,2004.6953155744186,3.0720322656184993,0.9947563816768117
34196.0006242779,531.7415551001752,3909.2041105502212,1.56129807277406,0.7258396417191041
32477.309895011575,499.63914329062777,2153.406144326302,3.6846298935187547,0.9443160337806284
33559.72678651262,511.07271018752624,2772.8216610011655,3.4818951402078824,0.7841004257654237
37578.46110464369,543.8403556544528,2178.574101043315,3.9690127487963487,0.7396538973261615
30143.93488629756,445.69094826625974,3811.386358848163,1.6795240242029412,0.8319566919141504
31160.726405069163,599.2667832113484,4059.7697404778205,1.7799007996011569,0.893186973834284
30460.026420217528,594.9586324293566,2343.4629141977152,4.561638068877314,0.8142855535070425
30407.2880231897,530.0651372693874,3151.5166491349382,3.999911193808283,0.7163696224848096
38554.605840110074,439.908490185829,3368.709526866626,4.632913954801292,0.879838341897615
37036.57859380024,536.0456484862583,3107.15906528275,4.034861284655683,0.9707209828332024
34741.738290873254,414.43968179583516,2363.0750014555792,3.3886212239612075,0.8149646097841755
30978.341606510014,406.1305004411612,3256.8433705624266,3.6165309481114947,0.764899833289248
34916.158751168325,451.53657770224277,4253.534143425255,4.55651169576004,0.8327732037798445
34734.717707805656,492.5245913478633,2213.0229935997663,3.315227018047762,0.7145088133146342
31732.018699100154,573.6545010816761,2240.5400422457105,3.5295652973135496,0.9461462753440825
34338.51649237973,545.4338139532616,3064.3138755079526,1.6259068640144023,0.947902243285056
33985.04734397373,548.5413042399962,4825.1771348567745,2.895684880464411,0.8764001390288885
36158.50098052216,485.09866688961506,4005.717940168742,3.865588447832396,0.8059308666815168
36350.93650867644,469.1869985093926,4036.009870017694,2.0837707932654617,0.939935009333735
30453.040097720444,474.20775259692056,3085.759972513595,1.8090167220981397,0.8664061074365101
33746.12614626471,597.5299127472116,3780.9823736256153,2.255307232897662,0.9477796925650048
36258.599157142366,408.0218382824965,2030.3935520832301,1.9660025119713338,0.8894376377749061
35031.362585800875,573.4062992244897,3908.2881392286263,1.8596505481455834,0.9353216419638392
38564.89841188322,515.7350817144787,4739.860842728711,2.6994033714723478,0.879568897965328
36586.93631618945,487.7230838379181,3837.7204050344576,4.631354055534136,0.8242423204646998
31629.344270814297,545.0515320830273,4621.095780399035,3.028238586954873,0.9873837579778413
30705.6874740043,497.33378828494057,4171.919166398282,1.7516815232612921,0.8623341474636534
36424.19278206315,574.6846476163321,2361.675249211071,1.3078866775234963,0.8815268555621615
30265.113105416218,580.1403728022517,4707.3599218575255,3.784624580551701,0.7661462918244247
35857.755812734635,484.34418537469105,2199.3315330673245,2.5311950577455513,0.887695236828183
39402.30241424958,455.3655594470103,3601.9024176432913,4.287323786341437,0.8714822948448832
35754.74177875879,518.4700657186725,2426.411371380373,3.6380430745630807,0.7554515193841075
33881.699262065216,582.4726691233382,2035.1198321927122,4.184965802165474,0.7178761292059431
36432.882184423535,442.13243780113334,3266.102780382917,2.087784157673795,0.8813077959144313
34582.52890491517,524.5933167126966,2885.122122962469,3.7694356898442325,0.9291076808050962
35456.16789315935,526.3120440185041,3458.001481392809,2.056247938774875,0.8570204112766024
39414.64808776525,546.6226044830562,3731.599660203652,4.756273917801167,0.7680317875958936
33861.026378007744,426.313537025452,2131.217216926842,3.5454971261334975,0.8999565930079104
39611.90563823914,543.1649929364178,2369.009885371237,2.2980472007013684,0.7240317179828807
39053.50641956064,581.8065041331282,3675.927189351276,2.0780474491690906,0.8325501114405863
31957.911347892965,435.9366217740484,3029.502059517975,1.763706340286574,0.7490100275195261
30693.613008751654,447.5086649847755,4187.520462648345,3.778563835574911,0.755337715317965
31007.780013774267,594.2790188083279,3956.874945775819,1.8748624519917092,0.760688184747461
30182.218256515498,436.19539054189795,4536.81308896972,3.3812130637099562,0.8160121171131933
30944.429607559283,570.8770186739158,4077.478480007676,2.0585401077014294,0.7153450616861192
36830.06773416357,498.45557128960695,3289.7932321704443,3.6478757791754743,0.8193380322787294
30711.88648460229,449.4462148806354,4018.899867183297,4.259758914162157,0.8535122341344102
33189.75630293761,574.1499802545022,2826.1435227662555,4.112100972578613,0.8449882854898976
38448.753109694546,489.0610510005331,2918.940496334638,4.043405323723126,0.8148352301209121
30232.71935735826,502.96347078593806,4366.9554797623805,1.7508896227690083,0.9517439824212257
38144.68482588936,471.84667387995313,3339.2585492047465,1.3535397879380748,0.7435980077261511
32818.547747734,518.5901702869855,4395.141021555058,3.7957953139495424,0.8517090231344122
31181.64827621656,432.7047745170046,4467.267121004836,2.4733888551774053,0.7186124250869662
36967.37165364151,478.21630733035215,4572.687012983852,2.729384905613389,0.7213467036633728
36289.42846779884,593.8824644670575,4749.9057075236215,1.1245963711735643,0.8721597549031289
38774.72013527053,451.6266865402255,3292.9556615398888,2.0383057971001968,0.8698055274663463
37350.710438038856,531.3473329082584,2956.6004549634163,1.134705615497856,0.9634100538533371
38034.80930384849,465.038012844939,3746.5962397823414,4.51674309040499,0.8673621026980219
32820.345725713065,554.6946251373201,3113.517270312883,1.973586732874122,0.9879373061214551
31774.39543779723,426.17473214367,3803.2225004006987,3.229348678292032,0.7146084545199789
37506.147516408586,593.964209015709,4116.757587931474,1.1559172826445216,0.7294023054342222
38068.347392672644,490.75790827672785,4065.2150554764107,3.6673895652226323,0.7132197584711144
39905.051420006734,447.2100926692928,3123.658661060364,2.2921093830163755,0.755583055100062
34126.17676911427,414.69934946600256,2500.5806050962583,4.591676747830663,0.8623810332825034
33720.18085792783,433.95158101750815,3291.588015386623,4.552472755736144,0.8936716544282284
37764.12960741997,503.95478971120355,2427.7824322457263,2.301162473446991,0.7136755473846006
33408.03540253018,467.4006352862573,4670.291105551425,4.603843582761872,0.9837912669536798
39307.57325603565,565.7766731765219,3037.6323822135723,4.984630693995115,0.9526496129951143
38584.12751843012,486.1775047323612,2463.379241669971,4.301662656495792,0.788983744647128
34289.94027375018,449.742854517526,2076.3432797172527,4.379485391020916,0.7231562590679403
37508.710677914976,523.428997320806,3937.467158859453,1.9960349444363596,0.7509661219657171
37545.42874084682,541.3554433770892,3910.7069523642294,3.3068095954310253,0.7380833241264918
31031.238688359324,433.40838158019,3021.812499743875,1.2690236558694714,0.736985133789684
39025.529066795665,433.52384325766354,2215.135666542953,1.3796717472866789,0.8555685065997202
35052.52372447857,407.3342853867086,3228.8866846856963,4.995570448133162,0.77375423274802
38264.574661077415,547.2804030131281,2933.652485190181,2.3065569977036438,0.8074419149587433
33200.49601030612,532.7609055243611,4031.3619192050282,3.9927356481953855,0.9968516000152967
38955.232284962,494.9261751499628,3817.3377483580707,4.226660212107266,0.9052942746776034
33892.01678734163,568.8340897938394,3093.78118459262,4.432093084028917,0.9846942001141004
30108.376514802985,561.1340305900106,2653.67766276497,4.990513189608626,0.7427669665099347
39053.81976419264,517.0708728793504,4964.107898466776,1.9659859410274714,0.8146418424497708
30912.866767861335,573.6542561026517,3362.0048635883445,1.1614033074387988,0.8664195409847062
33193.13637590415,441.1682420073536,4064.822707340711,2.644766071978344,0.7230274185666213
39500.61967050805,422.3839238795456,2421.6589027350824,1.5203226793157878,0.7012562330883874
39506.07146937556,453.9499223033979,3456.769098978193,1.0897035566482205,0.9011303001390752
35734.378881232864,411.417371217863,2082.6101596083963,2.4417073085659444,0.8925458550404306
36318.37212169799,506.2339056002064,3516.36535373135,4.134953004300946,0.8232366429998835
34484.455219783194,587.3211384589923,4892.052221353108,3.2647227649002835,0.8468932228096098
32932.107716980645,407.86870813370194,3152.6201389574007,2.251111956841416,0.8246329001776269
33286.64545369916,424.42198280200535,2116.9880377247346,3.617368021970879,0.7072015134534666
36725.18456077039,490.43980565668704,2092.867372758031,1.9280727212352429,0.8006114818652387
37523.7452943768,586.775003505581,3163.9602798406086,1.05752578428834,0.7531246766191869
37915.79043725849,463.2312209953501,2480.0748093895822,4.0574135457457094,0.7295272567304106
37896.18142794554,501.4469617376785,2070.056288984558,3.4949723394560364,0.987016130166805
30912.061030486904,408.3145718100784,4268.640841850531,4.0492104980038395,0.8798079175126496
34944.20304702582,429.6686401924178,3375.5690266456722,1.1557520667506624,0.9185968852709808
30575.587600166444,597.3260245917694,2867.7343159179636,4.348478511322609,0.7946091229798352
35495.28882323735,593.0237392872091,4700.249549049442,3.4781048001452133,0.8179441388482045
34415.30501373377,400.9879961868819,2348.416880601577,3.2535814028505605,0.771077198169017
38877.041827583,590.3623570846478,4867.756486865957,3.4984561924581263,0.7290897012896274
33509.150125520784,527.8239875631001,2941.9001521320583,4.457732987473456,0.7537094912324751
31170.67016427606,573.5836589040044,4665.211016926043,3.3477460262356282,0.9392542135889457
31429.916820528357,490.9479711267718,3808.8286294383847,3.3238015195527173,0.9032637415551328
37615.10631717472,503.11920571585006,4480.122079224462,4.962716628263063,0.864078662795643
36182.180633162614,497.76931605138407,4952.039489631393,4.026920668274272,0.8425269618600304
31011.226761227903,533.3728515092209,2865.216313456237,2.769175221804541,0.9767302850968373
30841.068061149974,427.93025095126256,4883.4064562227795,3.829588000131711,0.7218204843336005
37009.6913145912,405.9947179745356,3168.445684707261,2.556921886767154,0.7841802439713748
30727.630063641936,461.58598831823815,3156.535714210767,1.915501849933996,0.8049813560712142
38218.60059290356,540.9361525473294,3021.1613127635173,3.3874075075510377,0.9347277436638364
37062.42227156496,440.37069042458967,3624.2228220427555,4.712728392455806,0.9977543860485913
30813.487806418998,534.6864866649835,2462.4351295354613,4.716558080061851,0.7722011544271459
30848.37714085192,593.9824092214541,3661.1344560740336,2.3676211124219613,0.9622922002411242
39866.39578501176,418.7801431578837,3625.1144372300123,3.11070986488678,0.9491868281295374
33742.7079575612,534.5204236450253,4285.7054378146095,1.8465435942794448,0.7673972192925299
33706.42147066891,488.7500438609142,4500.949885812757,4.982524437995534,0.8197997740597668
38127.99567257502,573.6284508755011,3321.324050937272,4.924471631471743,0.8229018607877557
39472.48577383859,435.4299578894772,2906.999748054481,3.5980357188297893,0.9934662005579675
39860.010638228705,538.525190445233,2778.0046919512833,4.2176562387098935,0.7542675704136694
37533.78185258942,567.6230579296221,2583.871510114616,3.8604006451348,0.9397473913314346
33762.595855309155,588.9228438948046,2172.942746597075,3.3726328761578728,0.800257814251933
30835.00716698669,536.6496056579292,3027.34393650414,1.2133919879555908,0.9192611037328481
37771.46915927437,499.4349528016854,2810.74307639235,2.8190573702106443,0.8260033012886988
35584.04249735805,523.5694480402428,4899.252157599221,3.699145208669642,0.873507928934962
34242.22009246976,573.7809968957437,3673.126478750132,3.7101264555347386,0.9497835319978394
39063.54385094736,514.121949327766,3041.8311170915226,2.4924904736895344,0.9412496694951652
31111.974823061515,406.0774119393674,3741.402802981088,4.766767946632122,0.9599269550619101
34926.25104290859,586.1897391013956,2417.5901040370863,1.669428128947124,0.7178851976033976
30113.536447674192,537.9053502063123,3332.1312476066087,3.0014377848622424,0.9076151659119234
34686.606419941265,535.3026771554494,3878.7029642631915,3.763535906203291,0.7419962130165288
30563.032756818375,443.13503047954345,3466.6934953773543,3.788543223567237,0.8247455704055233
31188.17916268072,531.7770940465314,3205.3364019629726,3.5945558270752622,0.8645765245164065
31175.26246777105,478.7728811308317,4981.545166699094,2.1011528538074407,0.8208218454240492
36492.103021160634,530.2465954082984,4640.944286446781,1.6248262747464879,0.8558835027409022
37460.448792654235,421.31860606159813,3870.2178744783205,3.5437613073068435,0.9989578926395857
35833.687650971595,531.5690609206072,3708.132083546848,3.397208464557751,0.7405651941138564
39621.72548474542,599.8827451541333,3861.9814394737523,1.717424041156964,0.9026368136009276
33748.70579523704,409.6424077721112,2603.9363234672996,3.8205565822822534,0.8188002899156845
32857.12086281861,595.4348368442635,3185.413229792956,2.8206879669346256,0.7399029396721986
38685.9912818946,481.38159214457414,2118.378598672698,3.6710423664126117,0.7476210290122928
32235.958385194528,574.1506900674518,3426.63811246048,4.349468319080603,0.984781931873685
39632.225394406116,556.4770968116547,3629.0737518729893,1.6789137143076927,0.9638804490135287
30121.544746898162,513.4032521973336,2683.2492083096286,1.0765794719873467,0.9721125881245065
39698.788267076394,547.6898418502653,4892.086541496541,4.116410345583147,0.997459832748216
30431.59911950576,575.7031122602696,4728.363832811726,3.4387897006104637,0.7624946170025554
38911.43113698071,480.8280643302066,4166.429706367718,3.798558278488487,0.8066318012092185
35277.011090863,465.40663231264773,3600.1598862960877,4.35261989995457,0.90076570897746
39929.647961193004,533.5186771127169,4609.907478943054,4.211243739298002,0.8451407619581941
30737.965647353987,561.5691883882517,2391.9570314703888,4.843680587715299,0.8255168600135
35538.54284401321,552.4570269553232,4371.529382824655,3.143740315408473,0.8073433748006779
39693.02535619099,559.5627297717269,2374.462441900545,2.9539825306396215,0.8781341895830357
35230.97844170149,487.1166629625866,4382.631987648216,2.6075487995629203,0.8726780285920246
36293.986381352624,563.5668432350043,2827.302704754071,1.6147641713768182,0.7484373502192719
36957.48688984617,424.0418110741217,4631.271743054567,3.2904289315280897,0.8415219512555316
34545.41064767773,508.8978195921699,4832.126281476194,2.108050097303915,0.8660415328629549
36275.58080084063,401.1517320996243,2446.387908215347,4.685230048851902,0.8710860816194171
35843.143119231005,464.91716598005405,3388.0268151961805,3.3327632171083903,0.7630321578737055
39011.58010490989,473.29230697427954,4942.962134488055,3.3713607220324406,0.922681417675686
30454.46380341458,479.23453832185106,3450.22230791944,2.41969864350804,0.7075597284463209
32809.631895922306,539.0934413379724,4590.642567543635,1.20795740791083,0.8064495566629488
39504.114840765586,477.71162025406915,3766.1945663939596,1.1269750614919545,0.93406379456069
38902.63783890916,489.7387245245061,3125.9897237588057,2.69334057661279,0.8691678763166206
34556.56752785713,447.5088261748655,2857.3506665776104,1.3382615123889514,0.7783487297532581
36201.32597801537,474.650358325868,2609.669273258262,3.4273878221605565,0.9084859358029143
32773.811829811326,445.4539254526303,4285.394574133092,4.52389202255863,0.870217283246822
31881.211597237612,414.6391847536887,3159.6215204690834,4.531659266074889,0.9388730828369162
34636.98404939982,520.6897186762756,3533.8263866022535,3.6361816405289296,0.920507555856947
33533.52228026053,533.6425597110033,3476.9764400035456,1.844927325891724,0.8830323766108704
35836.56111850872,523.8980692019229,3731.837087699394,4.451987325435488,0.8464533025932441
30777.346369649847,492.6988087601145,4596.731436873657,4.544373741252833,0.7399546377002569
39743.94807666166,475.95715603584597,4942.218030750288,1.7866143398118348,0.7783999053656151
39862.10744479603,572.6667299143651,3222.752625721451,3.949704343082709,0.8257298418751255
36981.61714019745,503.8163570272436,4482.556766318909,2.146078195708492,0.8797897861019166
35360.9636634412,495.8363755259462,4293.583383964153,4.210561249411718,0.8541123565645914
33095.27616286328,405.12841316128714,3720.5868543667198,4.988951599614411,0.7864553577878588
38137.950197069484,468.2495655252313,4868.1414308358,1.1201040213175713,0.7019393073369131
36847.31172553879,476.0391237571714,2601.4235465852084,4.589463463163728,0.8488717665702441
31626.169393448912,479.76455617938007,2327.792630928864,3.490522134394632,0.7856877965686729
39109.27184493843,516.0344738454664,4561.885900866267,4.893530476659285,0.9203824902131605
38225.37242923169,506.7205093453757,3317.449449901245,2.8600380701057104,0.707183879581145
39497.99913291924,521.5810185586889,4540.906562621181,4.3895517222854945,0.8754483433917373
37257.1950838836,552.9766523084256,4679.270615586245,1.249576274393109,0.9824422712518196
36134.1519593579,562.5971477432187,2187.3727808572144,2.341116200313183,0.7523227801334498
34182.43036290619,543.6246152452989,4650.394288958182,1.2680661510048399,0.8414948472251786
39327.284833540136,591.104739190987,3344.9571661082664,4.901372533916282,0.7274265975451414
38660.638895004085,403.6465165352723,3531.297467012697,4.267895629087347,0.8877045736784057
30452.186701061895,439.1555971367092,3879.777533279631,4.410189684983882,0.8651595041788677
30263.66974497252,401.5125749956284,4779.147820190261,4.751860925735577,0.8222096572638496
33764.633668780494,529.4949428309205,2057.348283289292,1.3404139444791414,0.8564131064421223
38105.53330781833,579.6061097899974,3430.5304049534516,2.5423903700533335,0.9689723975407031
39872.761293149444,448.69645931525986,4063.166127291682,1.2841395561760085,0.7588882906933201
31504.16891103528,585.4069089592613,4168.1208730946855,1.8431724062001145,0.7067693535116041
35941.30715352135,412.0534780579122,4077.597294611324,1.9174631081506894,0.9584994654097303
33808.908566310216,586.8872053611028,2403.3053882243657,2.8764288441903147,0.8731351247163719
39699.143978146036,470.3245374479269,2898.1867651150437,2.0742486698145703,0.9671975366385528
38421.189231357086,420.2841656898433,3076.1465762510406,1.4039124272710444,0.8790835670239517
38383.28704711138,497.17435183726514,4413.311623038515,1.6699643563764308,0.9430483269879107
34686.931597949704,451.3553135441016,2836.2796172436592,1.5891022542083637,0.8289020090065443
34148.195023376655,456.97458039238455,2632.1148916016095,4.892307191649193,0.9249579793864806
32734.070719307063,461.4579929852573,4872.344057114289,4.037170027673895,0.9739124400669568
30563.75496650927,560.6051795665327,2026.5898553404068,4.871045861078247,0.8716368891166619
38647.22376255053,507.8322553350509,4993.4625670459345,2.758961946031634,0.7542355451687138
38129.01009130078,462.2615398312007,4030.463896572187,2.1134739266506264,0.7806392845090594
39997.176732861306,522.0667566621837,4485.407898347352,4.193172788836747,0.7595933730692217
39966.36837073905,543.2301348446388,2883.8581890385794,2.305015672164587,0.7740571082787199
35554.31705602627,454.52480014670675,2042.9458330011798,2.197533494821393,0.7919246348053108
37689.8741518051,482.7098203050703,4213.60855568459,1.9300239688313248,0.8665401360259566
39447.657298824284,424.3772186673895,4502.433791002028,1.5187159128969414,0.8763974888391498
38496.47390677412,436.2298699069361,4221.428395860557,2.025852244067064,0.8279499241725583
32473.481017431975,536.2235707929965,2428.550861902516,2.421278993895551,0.8846262339462506
34505.441353100934,436.2876695391254,4260.283766770907,3.6959768325829216,0.7244724776834097
31291.59415151495,505.032676733412,4306.768346322922,1.2502593688778063,0.7263364711174479
39540.51027258723,541.8092523444866,3975.6215470101647,1.8420277586613718,0.7515488381072974
36061.7463445088,421.3753846189488,4298.347798386759,4.236094561166706,0.8554232494121035
32286.428055034627,513.4624439257807,4537.764319033196,1.587687694335083,0.764198403609494
36717.00684405857,451.3125567402727,3840.8123427123755,2.370580586090086,0.7849853210477732
36181.28240457896,592.585375047516,2265.814141909037,4.45863568743256,0.8200938508518982
33581.6271803284,496.70912934398496,3462.8834290016325,1.6197012445737706,0.943559837203114
31135.57592199629,561.1985099550316,2232.948004014815,1.3309473424727596,0.704158640773858
36715.73195592799,510.04530843125235,3222.6290930972928,2.9381519803200433,0.8948136460709867
35203.07700903793,408.6825065709638,3221.319467376883,2.2096780451141456,0.9006629593122055
37723.18391735639,526.6302751188044,2198.0295324207245,3.2536334579354165,0.939596734106991
35201.635011119935,590.2806684413314,3046.461601908438,4.215219561933901,0.979825881718094
38521.8150031854,520.3223640292663,2332.9942963739445,1.5485939526109727,0.7060413546847869
35519.068387744854,563.837771885358,4424.705630027666,3.32279633821714,0.7461351116539648
35609.37971535386,576.8412926696816,4843.064077893412,3.0220350415594557,0.9658513882167978
38766.536026583446,445.6159543897865,2216.9494257738156,1.5763151440527983,0.8375555686561046
34034.82866212397,442.40896798164533,4865.345621875104,3.4959939421159296,0.869377191680039
31340.152284506406,522.1961977701983,3567.7297980102358,2.0945616714430866,0.8989081611169442
30287.82676313339,482.20569396134096,2898.6970338616215,2.95133727417605,0.9037199813486911
37551.37255673619,567.9722605733441,2230.5862258284906,1.3290892971082475,0.9795221209949525
36203.095513534645,580.0046246796022,3501.8728042112534,2.838336228854492,0.999084825223501
37040.79768099223,470.6842758605436,4383.546633472246,2.2258538721712813,0.916047238279282
32129.64161508911,447.3741117948964,4121.259431800094,4.289524844741417,0.7861663627615452
31363.7147558677,556.1051030487724,2150.6780343919213,1.2279149079894731,0.9639257206883031
30145.446656678818,454.9612071096272,2218.7055061037104,2.6744290996733198,0.7147662743622284
33505.87558806597,564.5228637027357,3208.6198478979113,2.833725696525752,0.7693242558623489
35899.17686854633,484.74765072975254,2885.87148214383,3.900024305196475,0.9692157152391145
33922.440450997325,533.5099798582941,2697.1529691681435,3.297150300360844,0.7768574543318064
34374.74922023729,419.1070627669336,2843.013496726141,3.668849348776724,0.7661953178865245
39041.58694493749,524.7718649353146,4410.448229890653,4.1081971426070245,0.7414375879420741
33482.554670233,490.3535357474458,4787.684160895562,4.448811894632755,0.957733527294075
35139.89489159811,517.3216926350948,3215.3080835826995,2.255501986889882,0.850017477757326
37836.53012741143,433.60284154897266,4718.333006397492,3.152090821455612,0.9024679609162465
33965.4278232127,547.3747489888365,2964.487103743646,4.3604323137567995,0.7717199152225088
36220.867002278734,572.5594155086458,3429.3109590313748,4.957804523860226,0.927412126303365
38623.637087467454,443.3479600181551,2678.0869934479992,4.5580772441750526,0.9280016634886296
39495.20623657642,419.14291110403235,3921.428126527532,2.485869050497507,0.79377940747249
31470.734809290378,404.72771720926727,4936.943345524427,1.7806660688746017,0.8232047899030849
39265.87625161494,528.3943000886532,3810.479288130136,2.957570149626355,0.7629070832290602
34921.162930795384,521.4188072177561,3073.4422523406465,3.966565807344169,0.9929683069968713
32582.443882989584,509.33948254281404,3943.452337971585,2.9702762830131904,0.8936807731175235
34591.35756238261,446.3894192231951,2368.762035396163,2.932723453254674,0.9803631642146546
39800.32575285477,478.18119918110295,4665.9772407961955,4.352921684327202,0.7910156630887399
34926.180939928694,518.8952670372346,3509.2518523395092,2.4456151162687454,0.9345672738990669
33287.51610287508,499.35337177183385,3348.0492261189265,4.4391786992465825,0.9297575931654226
36334.008543167256,597.5571040429775,3757.5943653605573,2.627219203806894,0.9074966955599625
32401.45618778193,427.28795051134665,3874.3515883682076,2.3129324227133576,0.9896916925800401
30758.63328108664,539.0289108095187,2215.3274186795393,2.815959644798796,0.8180666008318946
31288.79721910649,480.86375362085846,4047.851663670207,4.049787834699474,0.7392151970769272
31280.458389577725,485.63992298512295,2725.795040946589,1.5040081114559771,0.9015126577732182
31519.026935122944,543.5195531316352,4141.857897519769,1.7856768634880695,0.9187929401431618
31388.271726494102,538.4872302648739,4467.60438315259,4.805779302652368,0.8725181720376444
36408.74744803215,598.2511987404376,4411.875522657561,1.7019665095254295,0.7620453679400189
31818.80084399145,425.67885789082504,3657.5029022236677,3.2709092717242183,0.8513367825008066
33456.672833238634,420.8219298768333,3560.5096769322536,3.3172578666477515,0.7936569209707388
38967.88409906012,544.8677634257482,2428.627884018235,2.958497848200979,0.8282399584500066
34739.61640262872,515.6773834012818,4326.038451209407,3.5789809943072743,0.8935655727533991
36675.57738521027,454.8321333119612,2814.2281413401433,1.9193069031904737,0.9235644228072504
31723.1987120163,415.8838737977973,3490.0862684538397,3.210649071106993,0.769667407270403
31922.89018808671,417.13164991928613,2852.8222787825503,2.4886930209875886,0.821597608194086
30408.686162664788,578.8381749328237,2401.4850889990794,3.646669038516756,0.7807484712974887
31689.350630721645,438.37346494374856,3888.67309067521,1.5648941734925979,0.7595894841585606
32785.90339031959,464.67431242310414,2162.9961044687116,3.283509667357905,0.9350161659987515
31770.10484276747,445.3312804453976,4245.9357023786,1.7410814215332948,0.9727758083310978
30887.025337570558,470.99926116638744,2952.76038578335,2.1145722524601456,0.8110696557053729
31206.358711006007,413.8847685492187,2000.4040790134559,1.874839201294333,0.92538367731213
34607.78768032726,503.81195818165406,3533.3874177116895,1.7313511194752684,0.9690985868093234
32063.337184057924,413.52251271844295,2140.5557255828094,4.302843806242668,0.9538372631590695
33642.69861048076,560.0713015644724,2828.5086734626984,2.1428302706435614,0.7548440165617677
35034.17270854857,446.7424163820866,4120.9294623671485,4.708495127457797,0.9868875644540084
36903.94828629366,508.0023829209021,2188.068864865598,4.879706101380764,0.8130029321288387
30393.12139841099,576.0158175122916,4518.015477068007,3.2850418797483893,0.8017721983521509
37994.10398909043,530.1754738094388,2011.4597679757494,1.5720044906629056,0.718729398183334
36279.00389490908,506.59155731026704,2740.4716076057066,2.498192973518325,0.8458520962314648
30817.590319488718,464.8667506230751,4222.712168456214,4.190929053392856,0.7327040846922785
38735.78624106777,466.6003826116396,2948.8104491879203,2.469562914788282,0.7745619462782277
39208.72400531813,533.897391039638,2305.6771641980404,1.348068873211155,0.7950827865301844
30610.779598548637,598.8278722442335,3080.7017564012835,3.2271396437127517,0.9426478970475052
32768.776481472036,532.3678379698757,2811.1798591535767,4.380483405984139,0.9626465951187689
38062.01279793061,511.556683474005,4528.135706481665,4.183705548574009,0.7907398952384409
37482.59690383659,546.1301020478493,2940.0437527554295,1.700492560521413,0.9576094363733721
31845.210193563773,493.04112245674366,4366.797415328021,3.691058457649867,0.9571692812109374
32093.493233367102,412.02846852015705,4675.616434432204,1.8820170537425884,0.9293952851154621
33704.72102791382,512.459363175582,3301.4522587295887,1.872830138208689,0.7440085342045544
34845.22985191021,591.525056901076,4729.829431563176,4.49628709322074,0.9070968540702187
36182.54771530296,435.0605884715319,3131.9541618895782,1.9986758109609206,0.9835072193741706
33689.13639569772,538.0009781641331,4892.235249470325,2.0529893860720447,0.9047621436301471
34625.347161331476,440.18673773181126,2267.868573576719,1.0026135630451982,0.7994850547323502
37474.70938133757,507.16553689461625,4061.0577995097283,4.482676136502071,0.8501737952292494
30366.832028905977,419.3352899293439,3481.442121370786,4.170379252836539,0.8937175130053161
32524.369443440206,490.074187251637,3162.946416366941,3.509315740362712,0.853171122618551
37133.49585884553,551.2326657790493,3898.1356362458027,4.001063055755369,0.7359858825192909
38952.06837687199,469.51430484779644,4111.5712749029935,1.6081942696979672,0.7936192133956061
35116.77442115666,532.9823448974436,2013.0898089509274,2.8332943783503017,0.9407188091660897
35321.13485265316,559.0899921579459,2500.8592662415963,2.4048775493951235,0.9584254138286552
31071.72011339776,585.4355638958905,4139.138151902956,1.375106105028066,0.741190009814671
34474.12366823455,446.9284163710907,3999.156240734619,2.9445219408596963,0.9857160257196174
35326.172664550235,479.8631831618616,4898.142515386032,4.682958601370542,0.7986467853545828
32424.705036347295,430.48320266608346,4283.1133707523495,1.160236476202778,0.8986941216192159
32692.432309493808,598.496700431675,4852.318123194014,2.1658436539751755,0.9255475437870043
33772.84163104623,585.400193584859,4107.621504604421,1.8301637448228139,0.943583870391365
30200.711977777264,507.9914260561119,2894.1566259183296,1.9525866146627853,0.983724910667779
33220.79165583178,568.4066588752843,2316.0947667525693,4.633738207517501,0.7938758644086468
32114.480069965448,504.19159545440846,4345.471590034807,2.8722762169371605,0.9575519363654663
33274.973521779146,524.717137600552,3932.4476644277474,2.865197651759275,0.7395060710308621
31197.621318192512,417.82488642320334,2144.5580371798887,4.042302569821129,0.9115122719060778
38905.27280739895,551.0540840993616,3080.151397702935,1.6179688160197032,0.9225933188541957
35935.924535540486,425.542696727047,4870.399446452859,2.949061416400203,0.9033169723603961
36791.023191444896,565.2135260505056,3501.2034371306036,2.719940856484239,0.7756944208405459
37891.712386073385,556.4056175340772,3298.187408059114,3.3876427621866245,0.9619129441045611
34984.421989290575,541.7489395485952,3373.098815477882,4.998230813001754,0.7506575390111184
30869.202880874236,407.2320761049524,2626.648172015491,4.077795576328189,0.7160904374562492
35371.06541818548,460.6256711890657,3106.1215125943854,2.5914628120697087,0.9152394971835737
35868.411180208794,452.6225139821686,3109.43976796153,4.310212209096187,0.8426427145698201
37454.3947418433,472.0272814943038,2157.0650605624173,1.6828334532499207,0.9547294059876028
34316.59546229679,417.5285493527677,4302.702885553755,1.1218547452358405,0.8150191423174776
31275.803027955637,587.3915646062126,3249.5132957116366,1.8177934898570922,0.7504835765523138
32837.75905798725,510.76044814247524,4466.53966044927,2.3616462244570386,0.9509326577409609
33630.82296398635,461.1048621316047,4551.044003359686,3.0423230298382395,0.8646728894920215
36459.17241331601,479.3963034148567,2635.9821640959744,3.4605165621647993,0.7567587377171064
35707.78304668912,489.4405081009671,3972.0604465103856,4.642422868857687,0.9161151995759337
33560.96725897846,520.1188666721234,3416.845412488945,3.0394160382018307,0.8533340915468501
39865.152487929794,503.1358855392996,4640.470213764455,3.0051025785029175,0.881293894672096
36057.74819356887,583.8783946428834,2647.2220375293623,1.2009720392919285,0.8382695014619745
32372.267917359946,499.39269658116604,4033.4396009301327,1.1396462106248952,0.9486126951454019
31017.82472620404,598.4316029646625,3823.256366758168,3.2046398476654883,0.9488688147049149
31528.59139184332,570.2849915490192,2885.9044327154984,2.752714452993378,0.9128166465473159
32459.57728384508,441.70210287146716,2409.802710953518,4.356721579921194,0.7316204132189387
31606.813732595558,586.1190429287833,3954.9192814318294,1.6427183388473807,0.9516561585712207
31865.670240513056,423.2732795770952,4215.792374396992,1.0998866484681984,0.9013038941598729
32850.95168693847,563.4899416982383,2946.88203129005,2.7961550717205035,0.9091072498012899
31733.735952947547,476.12465869531604,3934.497812066941,1.94991422700903,0.8088948521211614
38967.654246264254,575.5948640890139,3185.39272283451,1.1984574933553498,0.9637838668471019
30802.33745661642,573.61133802149,4139.620649847853,3.898393147390516,0.9176114800704572
35245.11389570255,561.1850800235243,2597.6458246821594,1.44637199982899,0.7337771399587583
34103.96826989661,558.0060872614123,4670.6450079085225,3.4332780000310867,0.8223334103218488
39823.78616908607,460.93582781960816,2862.228789396739,2.1241990006675566,0.9659141085880425
31120.389021680523,416.1838566102504,3103.3579632684587,1.693984201420088,0.7141590105092137
33978.55599045742,480.5960357530323,2174.2758562410495,2.51900609167727,0.9884249858926148
39694.70433275369,434.70490299730176,2334.536636963829,4.205783104891815,0.9037487704958689
38655.0712589398,538.9902177804923,3547.585708136984,2.5683743076182908,0.8894127932930129
38170.7207094928,469.2199453075571,2802.7780301839143,4.003078596844222,0.7811677769463974
32579.0282704494,595.1220401719829,4506.440677226583,1.5019451871966027,0.774637536621753
31708.87587390066,528.1944154690664,2044.0801659648616,4.091085678660317,0.9826174658465787
36686.43219924431,564.4961127268722,3137.2821460158084,1.9477332996265946,0.7894817362702368
39293.759891275855,426.5049345483697,3012.036640307278,3.709572519555491,0.9326515890156998
35567.6289301393,572.4028964545246,2057.9828927528033,3.2631262193639854,0.8179365394621237
35716.126894699,584.5514381026788,2373.1051970015305,4.716578868846749,0.7417762212354112
32799.79093660284,497.41238376378715,3240.928024755906,2.549290071901256,0.7032145893086077
37694.92933191937,521.2505875501955,3478.59375334234,1.2646607553377618,0.8632772011045753
31870.437485575232,552.9619601805991,3212.869241764607,1.0766219422050116,0.9927336455646798
33236.792364042434,434.9677254520825,3592.8130352362814,4.307434243891013,0.8107408581427613
34254.36438616417,500.51321529268847,3785.3950247170446,3.0989425506457287,0.8071577001979134
35076.10378684455,479.7326055544626,2029.771463383507,4.100976207339797,0.8032274853548326
32424.097324150804,429.2747984324498,3392.2854783605117,1.9377024000460588,0.8561631511914575
31148.368247392034,473.5068844583063,4890.497722662765,2.380334982052935,0.832199465027288
36106.200424416325,413.6344618770987,3557.0968403886463,1.1204154888452758,0.9639743880181044
32886.305532402555,405.1623813898974,4032.62680237686,4.845969298296449,0.8516562375170471
35812.38221422612,427.03325783096454,2935.5915737506493,3.6714716268032537,0.8523273514565706
31543.627152742025,592.6230223178347,4321.974134458287,4.732820351037224,0.7415114784161669
34811.401018548175,509.9059071790034,4318.764445628345,2.0619856297162893,0.9948218622731158
35325.89432551586,593.164432230644,3563.888142962417,3.4458544449026434,0.7749918672606488
30518.23536822427,486.49957566602643,4928.041469837641,3.7139998731705512,0.7220092202378807
33366.042781939206,462.3632266170519,2376.65064428796,2.2701988010303538,0.8989438746925626
31344.146769389743,501.2283725680488,2050.842994668743,4.39243694006252,0.8786099110470618
30633.749704727677,487.902337726582,4310.474635271288,4.788645851600991,0.8245436961978236
39899.60232389945,421.1329368523488,4421.466612094648,4.539420470784018,0.8266576701642034
33223.538449747226,528.1652629380412,2360.6216873617286,3.95626790375749,0.9355191763139293
38098.74445854635,443.2076365019199,2796.7484988758183,2.109858718899816,0.7587137920298946
32546.406547637638,523.917590979566,2052.657090099887,2.126464168422527,0.9460759956834669
36815.027222239296,530.0402184796307,2879.9258323416943,4.853441281784152,0.8946241341685054
37602.27859889687,430.4049706257296,4319.425621756014,1.0411379837427681,0.8256909321338572
35956.387406078444,412.2699254221336,3553.881583137737,3.864199892968578,0.8374085849751606
34715.76188550158,556.152317213688,3044.286779504864,3.8249846502210487,0.7769941621558287
34118.409141472686,491.96008475386407,3115.2178847189907,3.49075816379919,0.9256342998090924
33488.68266542995,411.63275910109513,2004.0608771464044,4.960435384347463,0.8538624226915803
39295.29144247826,598.9732634339534,2899.4015826957075,2.247517743054901,0.796256362824953
38306.19407787729,411.55611219927334,3939.3762249137917,2.3598874551729927,0.878815034728285
39650.269106665124,539.0070457717106,4922.583331449072,1.3157576117862222,0.9987203356153969
31242.972234855446,596.7357850526828,4541.182480951698,2.77119254617495,0.8305786838969661
37308.674752036444,447.8360208431851,2070.784893936587,2.0441941049393924,0.9762074202335859
39383.404568210375,428.44987373743925,4695.681814024518,2.373546808710577,0.8035050519773698
31812.3306616566,424.2769878844858,4349.595239895878,4.33828716102251,0.7164198120774957
30664.962673667775,460.65502951351914,4341.128370712941,4.741938054109983,0.7612726319105286
37411.20649290059,420.20916220212933,3373.9872770107145,1.7429322880207425,0.8256085429983052
35744.73113179912,538.4322683388264,3194.0158788635085,2.4900357262138635,0.7658904785783707
38418.28776758272,412.45835962601257,2908.7471864995778,4.714522248461576,0.7000681114654767
31397.723766262894,501.88442562995795,2197.0845768630975,1.2472338427568905,0.9745004613242582
37952.673118598905,599.3393707705953,2684.7060904810974,1.369442112445514,0.9531638233692787
32016.273200477444,562.7940539012038,2739.8109049340737,1.6511639568249175,0.9226876694460842
31636.559428657045,523.0438876462022,3452.231209130605,3.380851336507499,0.7503443786938085
31642.65797930993,461.25072415732234,4242.333219790082,1.6018890840239899,0.7361090728629958
38145.74720231382,524.7791672583277,3421.42948519384,4.872305525802934,0.7202814248417149
36651.972206962004,505.4082927823303,2173.533348341482,2.7868581090340814,0.9172087566318763
35230.65424769119,485.2166767780743,4873.369402964612,3.0060718414006655,0.9786423882063655
33588.304841235025,426.1420753480399,4828.172957282337,1.986634463221626,0.829160746273911
38772.00540813108,577.3208430480934,4355.568629445225,2.883841009738934,0.7357422015988144
33924.45107422635,489.9569297642645,4973.983704692662,3.647654530548046,0.853717846219632
38165.99439471577,438.924502364153,3633.4469984007887,4.004708547816171,0.804649572237589
34391.34908570218,473.5518701754579,4888.305050759618,4.015472330839652,0.8124474773049992
33769.44429424908,482.8259505057854,2226.815121850252,3.3115644507763533,0.8863991872467122
34626.79785669607,565.5075791133748,3097.042244784114,4.617439099975429,0.9156154339786606
33013.77874164142,546.7228761122803,2676.1438040202975,4.269631389224438,0.7331810796619482
37476.09380176251,553.8609787282679,2587.4992524028103,4.028192458794502,0.7106770692419428
35027.20390092479,402.20625288572944,2422.408846678028,1.2224220867218425,0.9982990908057144
32322.126951468174,483.2307996359523,3867.24092469799,1.0275118488785973,0.7698185046746655
38995.74573274569,496.26883032706473,4343.965567241916,1.8497891087818918,0.7161491574725377
33838.91221373212,403.8384553646113,3734.895198261082,3.654094375653809,0.7569625987287759
35435.52861113989,451.9626417490068,2440.888128764629,2.6447899555301833,0.7116873539045392
39064.72110964547,552.057964624427,4433.371309800413,2.609625037197247,0.8175432683851515
36242.37995913992,427.4219411457998,3907.8641214911854,4.538347552918455,0.9407205353353972
31168.98040708364,507.06202629051836,3164.4971183809866,4.582251392527355,0.8023733349273161
39398.321236134754,443.0403744034475,4022.390886608189,4.636701056214343,0.83325502206351
36277.08053071418,402.42415492877865,2779.7149377284986,2.255512306060109,0.9026760320702316
33349.05614657086,448.2402915199083,3035.5766254826312,3.764223250957047,0.8526682210209641
31392.720726633874,595.1747509820108,4752.457529395971,2.0865327250974786,0.9584337058063972
37940.25189270296,560.307422376598,2871.513517014261,1.7624393322977991,0.959810702513727
36200.72755928514,591.9153288642067,3409.9648044738096,1.7385298293894769,0.702973208647346
35334.61091976322,497.5708087852725,4670.423412188044,2.368430483454376,0.9334138919449597
38938.92583050958,421.9472397355007,4123.164050802583,2.719830479119287,0.8382200800725021
37885.972112245305,509.5918977947386,2186.6096784941083,4.323796684220273,0.9966521623910989
31516.748797327513,490.8754669119922,2441.909132836911,1.4795643738908484,0.8449696227626305
33117.22067795548,568.8714165479232,2023.5247723157504,3.9397033895795768,0.9960687836164892
32484.891398144657,419.6165161568489,3892.76537068749,3.1258196567572214,0.926370808361721
37439.462925726766,497.6482274043556,3343.0202762312547,2.15178137070397,0.7745814653839919
30335.324347357793,430.00973293879684,2402.8245527068266,2.9712783381312984,0.8615184937860872
35698.896848713164,464.93518537801197,4873.802363170311,2.1997682791080906,0.9976406918435748
37624.5868574069,547.47141547756,3588.9791718368597,3.384327820953224,0.9572591823255772
38767.65636761749,495.2036258737533,2725.6798823386675,2.735375691420977,0.7292100681373663
33420.817487159075,475.17765702915386,3501.8107134641227,1.657622116315515,0.9119115990429988
38212.57304672013,478.8952557140071,4038.860998205323,1.4663322982227869,0.8036738757612438
31106.31736955207,491.88935368119735,2228.7176539206935,3.1867827282885206,0.7020946785641043
38464.52291734518,557.0033087674113,2824.111445143676,4.609652133144413,0.8210442907080998
31274.886623319824,578.4169377880469,4420.896472651981,2.375830746230742,0.7704263265174913
33972.872905603675,591.0669373007856,3378.994611207984,3.932000428890493,0.9456607811561415
37972.95365779554,557.3806772510591,3639.7314260968847,3.634645419759068,0.8011991826537296
31499.174273487737,463.0813791496025,3298.4480066284077,4.726219657237924,0.9482571081861451
32292.513952326415,537.6269412173084,2131.6998279290156,4.283924069196564,0.7001793816504386
37222.52568393066,487.5206248110784,2497.249339460468,3.266421035621852,0.7923457450078357
37200.36536546074,450.93412440921026,3336.6249162256727,3.6281219929364292,0.7723495642923286
36411.47632885297,568.1743158851846,2627.5563962237834,4.5935458663361395,0.7700702083205833
36939.484444671,407.685269792465,2149.937085979036,2.598075138347739,0.7204559859296388
35427.244433475964,580.3523984270847,4530.948992155471,2.3071788234311095,0.7561372811231505
32517.990589069526,492.2954929249468,4943.577587492347,1.0432443345407854,0.8666648709656859
33456.959935039195,527.4402953616561,4379.428621990219,4.306204296765857,0.7874083218513233
31815.97716801426,531.8707844411565,4561.354765114002,4.2039228016134595,0.8252184346987443
39084.50561333628,579.0235481413073,2725.931390951136,1.4178180724006055,0.8130600641041565
35833.917947661204,527.3339364334415,4881.880926539599,3.307429524530801,0.9627714774999684
34008.5141676364,522.7867169520124,2590.777113360285,2.8559267926675496,0.9715896997031546
34620.058036441325,413.330408112138,4854.289431085497,1.4748363820364458,0.847887091496758
39472.83339611815,503.6816043890408,4984.457881897853,4.922272908242894,0.7990467850946813
31533.5140311608,430.03380016340833,4135.1684172381465,1.8587835498534218,0.7320402112007091
35862.298320167974,547.4867537442972,4943.431195375466,1.2689367203622446,0.9860208638146285
35058.88678884466,502.4443841625349,3708.619338701311,3.3793895180076383,0.7180680834700892
36114.54235434648,536.0455558416706,2778.625349528271,3.9554667085321307,0.7892950832704841
30181.101838208404,408.33458012047686,3310.987656996863,1.1297737841887479,0.7894198603510012
38721.239089441515,416.9584032091606,3780.6828061363576,3.6348705549080886,0.7961203858420645
39321.18282483613,543.2646776125364,2219.244686081045,3.1291675038058178,0.7492860529817228
35651.33183589209,414.41686719973467,3867.0297938517383,1.4130600355001937,0.9349484292771091
36966.508238768925,414.2513455530517,4943.533510286883,1.6900955077854483,0.7367493585897967
39224.993811772954,402.4216950469775,2570.3229493511826,3.271897189264322,0.8904719977459488
37072.386343133985,591.300279659896,4377.78534886515,2.1854304540531535,0.7371538080117452
31525.390429142615,547.5016718918014,4723.6963813388575,4.753262914605264,0.721160691277887
35762.88360166813,470.65028170041285,4831.104778460663,4.274960917936204,0.972828851105763
36067.150463828555,459.30711625753105,4880.406813216341,4.934268826054652,0.7570386298956117
34241.30671302386,469.9406459491699,3564.378916164416,2.038683355801656,0.9463750463679113
37364.44235624723,554.9307062362363,4931.923723974511,4.878894531191908,0.8633892613321408
39343.67014769015,532.2741222140828,4271.930621403317,2.7249354791662315,0.7233569558826308
39255.685129067766,437.0391135734936,2485.014308710886,2.3900751812550185,0.9866344574314203
34508.39371404132,434.8218670668169,3430.70031940391,1.201398107877413,0.7740883500975677
31132.38045840755,419.6791299426795,4154.993526116012,1.2110610314384105,0.9578936036057819
39848.411989623346,532.0605439402676,2742.0209474572503,3.7680450237866188,0.7506430017353692
38388.98086445934,552.8745324443472,3921.845550646662,2.8317159777361116,0.9561828646425559
31246.626812032668,453.0092856650008,3999.8014371398576,1.9060865041444228,0.7039686438715882
39208.41882617372,404.18899220618255,2488.099231425698,3.4558812253009306,0.8535341369708442
38698.96362062128,416.43433349528544,3695.255937358269,2.0114324730004447,0.930832773826467
35188.38057126072,593.5720069690061,4314.880732935823,3.3105270173776904,0.980438655247835
35912.75435744929,459.0889554954841,3496.6869936078256,2.4368349879307614,0.9727606408619461
33990.0270387013,553.8446295676267,2036.3093503283224,4.294208906447276,0.9458874608642934
30547.616388220315,524.9327137708527,2027.1154072378765,4.282784643067117,0.9664574048983912
33351.97241645901,476.38792793057917,3071.0880319100365,2.9094015924896053,0.7597659057511229
38028.53448598011,441.13745243911103,4778.582205295346,2.4032764373400624,0.7852552887135186
30046.32023004603,424.2772836318813,2686.0303388108264,2.450239186236378,0.7866905574763176
33334.99171691144,523.0025936077733,3903.091066615061,4.2228581026728715,0.8131161793005096
33981.686935909434,554.9267561275576,2666.2276120799615,2.312717931190448,0.8179962011155566
35373.95602937923,528.7808507082261,2965.0099689786457,1.836237494827384,0.8633665973964026
39198.55616412761,506.0604266498317,4544.126268804452,1.3387533675012273,0.7479639290099324
33463.45994365961,408.39024468632726,4186.584326809841,2.8667724835376336,0.9073739991357967
33469.53201896228,593.6977555188768,2286.197831939632,2.9285283956793675,0.7502699617913519
37375.01248109748,559.7428383309149,3286.1060629593007,4.363634841611629,0.7930925446313642
34522.17940889807,458.56440734019293,2087.5092909357936,1.884954785784256,0.8510035391818462
32246.04822939982,595.9940658717701,3442.670439809027,2.5239650946735996,0.9389321684570432
34524.39516132693,520.3763179272644,3987.302035103204,4.233622955574764,0.9218407699716182
31408.570203797997,516.4845316414493,2355.507870794455,4.2944944429958944,0.8936603069231567
31763.869865062232,549.6146358859064,2866.654816727497,2.538444303915073,0.746731978174051
34983.677727394796,562.3539576180275,3193.509876506471,2.8364960931467236,0.8641136036846733
34189.254495045476,531.2957214663005,4758.59307396815,2.2131435633971317,0.7262339505399656
39148.459010681,425.61914927324,4979.765046268893,4.730219513677248,0.8132089530389952
33623.93899116633,467.6535011988997,2134.7338969868474,1.4745750629663212,0.8240549590869877
35805.88350278043,585.6167280652099,4283.023770486176,4.73499769200588,0.7119434318337261
36322.64287919531,444.9231223687704,3115.1721992070297,3.735465807341373,0.7821964298409915
30130.944565883336,474.4334047675027,3177.37455868844,3.1262886107469248,0.9866948401799468
36635.3737201671,486.4153765888392,4262.794920041068,1.1306362431379835,0.9860897823489069
31780.359668697514,487.88099793889046,4755.279296436226,2.902384767288033,0.8056981162757617
39610.70317469455,522.5879164989051,4852.785783507645,2.630992420010929,0.7129300326844972
31486.62727753113,588.6151675489415,3731.3677581149623,1.6448752479004902,0.7537284817984544
34146.24123727024,448.138542366501,3071.3634779015083,3.6256384140026277,0.817665338030062
30853.49668078644,424.30027526018364,4362.647257576338,4.884603629473143,0.9843339093907689
39968.742518459476,439.49409797198746,2753.0041497869006,3.2487552442581005,0.7423597190611554
35021.950103312425,577.3849800418539,3692.2220865005534,3.8590131057757833,0.9290547531004636
35953.85017320044,529.1621625310412,3075.7353845746193,1.2738018102640671,0.7326047618124076
30670.764773884275,457.18135784783203,3969.8932211236283,2.670667983267979,0.994377273217383
37499.604703991776,563.1893877937234,2721.196738680521,1.4654339406579835,0.8144849497327404
32099.05593095586,572.2739992726872,2574.7788372044774,3.4511833421460416,0.9325703616697167
38980.54289440714,569.3028677380556,4754.717260026311,4.753928632856619,0.8027773248433395
32051.396404820072,583.7853067279109,2305.411048848611,3.647110929886554,0.8883006631476426
31906.877206636666,450.4482040346723,3517.873723204795,1.3072121932576861,0.757604825422011
30365.496678480948,551.0083857492557,2662.558348889027,2.4186648199403313,0.7438063057890887
34720.669451099995,492.107899454828,2116.7898899770025,3.202653517763406,0.9814192418704394
35648.411332626165,568.3997105780123,2108.056454874279,2.612831024533009,0.97529418337133
30657.086394283524,545.6981354323226,2525.665316317482,4.334576041900689,0.9662406820638647
37755.276166950105,555.289489299945,4600.311063518001,4.258684018839957,0.8876300350499781
34532.88834748028,531.2323675362143,2847.43623193108,3.4473240804128857,0.9424804633648834
35243.9026932758,435.48575389394136,4851.3775117258865,2.493831780530821,0.7207110810734124
34407.62746938228,509.00538377938767,3744.8668789675803,2.0213454950529766,0.8004367125672037
34007.63060875326,596.9339479049016,3309.842569306298,1.4234972728525173,0.7941109374271469
35596.40331308218,587.4776132994238,3740.266504008364,2.419590733946216,0.890693596585784
31552.402459307126,408.6347471594023,3550.095155678803,2.652690068830878,0.8067873320411921
31819.28130495271,432.96296314588744,4276.328761271976,3.7032917004162944,0.7445520344931043
38617.85621013517,426.3457546909124,2847.4881979185566,3.632639297190294,0.8789401226240631
39461.154621336325,545.1959819970591,3059.151174800907,1.2804325585650278,0.9443151762007245
33733.09316279753,563.557065971389,4682.282907599752,2.581037261724631,0.8146370483379919
32707.44673143554,442.7022732621344,4839.369539451216,1.7271154688694477,0.7396806145295445
36439.995432390155,501.1705385903658,4677.674682459423,1.6272508212672228,0.7590064591938469
34087.34171098097,568.1406056022399,3258.3439818719407,4.309208598948984,0.7712449915508152
30253.86355660345,546.5603089532501,4341.096509020645,1.1676608668650301,0.7899692778983608
31561.525973661905,508.44744109836967,3429.007199903296,2.6767315036084853,0.8928385211518928
37159.722288473975,518.0695380917546,3492.6195564383065,1.6728146230660728,0.8802836453613156
36589.23941910151,501.672109383256,2614.040327171852,4.5173208627138965,0.9088239584701118
30270.959925034836,459.5096902637641,3773.3909097755495,3.2281620531001405,0.8087505953594539
32219.721619329495,513.0043985718032,2558.4076932600437,1.925522545507392,0.9471992955639935
32310.747965880713,537.7770604100181,2994.6940972015814,3.0097091486655057,0.7612262983467281
36718.92743598729,574.6645831721615,4565.090604859805,3.9259454388124633,0.8407122242554461
30197.10537754364,527.2582707958496,2621.2274276325657,4.8324720356777355,0.940281616462429
31041.08581984574,552.2243074086316,2213.4748555202987,1.8817840169816757,0.7540475943197857
37999.1608537319,432.0143269909146,2207.0227778384487,4.54472708851738,0.7329589341222349
31785.446620543335,492.31149488395795,4822.353561509324,4.737216456669961,0.965105190306397
36527.46107851875,401.86632396541864,3520.761313885504,4.6656821781282645,0.8028788988277588
32381.827810467264,449.3357729043246,3228.2362154510547,3.5416574274476393,0.9051610374727096
30994.41392759345,545.292343022601,4432.635743023755,3.5192826177388308,0.7076045812791815
32431.72190999454,598.3619902698726,4507.477783731549,2.612842532735291,0.9070140665228349
37222.66931855659,419.8356199174432,2996.5730993468137,4.009591529215152,0.7948303934640911
38556.96468106286,480.29886317225765,4080.8541724213856,3.1251760734037277,0.7167222560762325
38302.198645669916,560.0141937398319,4313.36844755566,3.709752284913178,0.8829438284644351
33971.835296184545,440.80712692577976,3963.9520605978632,2.713831615395182,0.7722411448219519
36680.85136570646,511.0169898604572,2454.785224400298,3.9259858561725562,0.816042172615564
32049.842954158208,546.614259205935,4627.649250551171,4.297886070418196,0.7241742436859541
32931.47730261013,523.1970900520358,3617.2836582080263,1.5857450264112645,0.7441489753284836
38963.3581852112,437.6049469230832,2847.417279110011,4.331718862296912,0.7893931706487531
30130.01923510736,471.0769137371479,3275.684556313082,3.161186127161229,0.7269278501680471
30855.08530854468,556.7583568970795,2112.713271196722,4.378663636360898,0.9732478794058945
32078.86255146027,510.8453028264033,2383.6004036672525,2.7252068253640584,0.7018141129551935
30265.3220387382,401.04592270858257,4296.640251547582,2.51616194153214,0.8451580656592934
31814.354350897975,552.1981520056188,2000.0349042660985,4.66024293006889,0.7369742374397654
35830.415609696924,407.0622709880478,3249.6974854468763,2.004677070193605,0.7923037268433846
34214.24550592498,549.1467565462465,3567.5305432567657,4.376849301144572,0.9778178679454796
38926.71711076975,440.4961120330475,2163.903260002917,2.9360822900376164,0.7485083659821961
38174.435617384406,591.614696023876,4919.234488916998,3.056381770205039,0.9897496959154998
33418.17351697876,473.5881502604169,2678.375993749016,2.233873125957936,0.7617383130968265
32594.234334312925,465.3863232676158,2912.596158908843,3.2921688024760627,0.9224698325400489
33796.92408167267,429.77761006648893,2911.827536765082,2.3008447851048452,0.8640031794691935
35902.94942514808,461.120843098043,2691.2499863520497,1.1570776569666092,0.9653436182790278
32680.636408228762,575.3301523656401,2004.4214662589343,2.087994421377424,0.8661979766509392
36241.489078491344,599.2668675254495,4188.034382263989,1.0255161736263627,0.8603677657468926
34094.1165219124,473.66190610136965,4900.5364993978565,4.913419148227426,0.7586374001105199
35520.471808519804,489.7221261909085,2672.8804498551353,4.86298883927899,0.7498688086154975
34361.265291353164,544.4141876405474,3989.1415754102673,2.58062118988922,0.9749467453346543
32944.65759541918,577.2391560930149,4225.688980876145,3.913483417358584,0.7983514596550102
39484.53306962157,518.6088668373568,4545.276137271574,2.3832243936417,0.8116246764888687
37636.05794159761,478.30513963556587,3267.8875910408274,3.684372628343904,0.9279470975285165
31401.131757664527,482.52436816972477,2908.7927169212876,4.221720172183916,0.8016470447268422
38684.679758979124,539.1236292993614,2975.8854020690933,4.787024978768963,0.9856187339917009
34874.311982495135,400.64365272085575,4137.863999295539,2.600849103398688,0.9213783306996401
38945.52226894091,523.9178674919681,4450.338399516908,4.133191931824191,0.879228772772026
37998.55255947315,471.0986020882715,2544.841903269808,2.063713802528475,0.9642685481634257
34252.13504469233,558.8394662554168,3112.823024473296,4.961329215174594,0.7148817725048447
30224.693083201175,418.5981279646264,4705.82059024745,1.1030783950574046,0.7771188076567626
32686.77359384946,517.6404533896781,4420.080559084217,3.414115226004484,0.839510900266273
35416.34214660867,496.19457797722475,4954.575208287428,3.6380239266053085,0.7680935618414563
36334.78219826147,528.4651051810455,4262.744779046243,3.7521822282965154,0.9231715561906455
32578.876854332022,412.97071889659367,3179.5856030837667,1.481550315156356,0.9757624093161176
31393.56074072824,515.9967574856263,3771.913501983913,4.754119133892521,0.827131035979277
38349.30236799299,512.2969175919047,3983.042762741961,1.7247331162003312,0.8026397800335685
39844.02180703552,512.1320188832342,2235.367448951372,3.4910136129593643,0.9884652196412699
35256.901823026856,520.697533319291,3633.4908773115953,1.8907043164923398,0.8334557298482622
31716.792858483033,535.2935874452725,4127.962485417829,2.2288656680850836,0.846714520134785
32723.07326519369,560.9977999361539,2501.963912003181,3.1858341669124974,0.8054949617025716
30183.90676547467,453.9641440256429,4341.895152276671,2.668773674258306,0.9728645419036415
39142.98806560499,565.0098820360124,3751.3183415423346,1.6409024039060252,0.8706866449845552
31177.51082890141,499.6511364526907,4856.665357092784,1.6837456096833932,0.9286523761544934
35765.164755142534,415.41165582686625,2127.266894620675,2.6725791526511986,0.9435420155052658
32740.55220687206,411.71018584879585,2795.978412666401,4.0291319131020025,0.8025547125751774
35541.78002515793,466.8476637392122,3804.661637899472,4.591858587391155,0.830108299396114
36514.20388351864,556.9793954222935,2889.679736617792,1.3365106490375314,0.9545415323218793
38297.41803707201,541.5361869481832,4143.272492213727,2.5724156302376042,0.8089766055027431
32064.21271760603,557.7229929344812,4277.015847565794,1.4009822548915065,0.9381805400355554
30109.958286584806,503.45381128832184,2307.5478921994236,1.0663699225303915,0.9822976967723311
31368.856300688072,488.03979959109813,3541.563392620303,3.6468747305758265,0.8869631119204021
39000.186418481055,429.4905053412568,3526.671666773168,3.409797767866351,0.9224881862355667
38738.90077562515,465.6385507218623,3107.8423106466234,1.6520764552595448,0.9415291936123404
35974.131021703084,486.80387323477504,4798.7745877090165,1.9352513323722564,0.9535118946689927
36005.16860433653,417.72008593592346,4482.518959619663,1.0948310145780735,0.8185160013570387
36650.366745462554,444.1223905422423,4091.62814572891,4.339788822777615,0.7153790377527994
31753.712786234497,519.6450588127477,4142.979907204993,4.898762384194206,0.8205628813710218
39144.119459249596,547.132622847838,3385.1484314393574,1.5418381471787632,0.9021268689352269
34187.70524892073,599.6695022785899,4762.9835632897275,1.9259008550611925,0.8351051157342378
33831.38528249497,586.6226662687116,4083.786281759856,4.473638095787736,0.9246889452581195
35189.177052828374,528.5130399070383,4186.943184967449,4.705855191824739,0.8070947288405992
30469.65966775055,484.2496106588144,4585.072711362036,2.6785095312272413,0.8904232423312088
31662.833687560793,527.2354729416465,2822.214768026573,1.2024898890762965,0.7559259414561923
37380.3361642637,557.1303236160463,4421.212711600108,1.1575673347712776,0.924810830993487
30827.986679251266,423.66723818467744,2585.7218088694763,3.2957994642760418,0.8637087906439077
36031.52109466388,481.9809779392576,3036.0258567346636,2.571580435572716,0.7612193165639801
32453.49109681321,567.9604571271234,3006.8313628095284,1.114609710310618,0.7875733520493422
33892.95614041977,476.7665903866088,4935.576405167421,3.333009569250227,0.9245826125745498
32886.937367706996,514.3744542454373,4569.611671243781,1.0452101463560899,0.8447803706984562
33556.72716464949,517.5538721724397,4103.50958477078,4.149487832597092,0.7648094321179216
37190.45905184245,436.8952506267279,4181.17028484617,2.2257312908134863,0.9901813571110893
32971.21715623175,472.4470883304577,3686.2183832077135,1.1610320120369284,0.9145375059450663
35664.046402968976,466.90225774838643,4841.272001325557,3.3534088839326133,0.9871404497619388
34760.504021991,405.239341706413,3488.7762586470844,2.5907376577322188,0.8281315136081029
36636.71165362648,404.83835277827103,3141.5531296096833,4.8952016534285985,0.8425301022075161
39368.29739324758,566.3394087351547,2489.106010794773,3.1767946500148088,0.9693865648555058
37325.7209721025,454.6141619945625,4358.616956783174,2.100956724148033,0.8575148020736154
32149.40378590757,503.6157532477631,4203.331796226774,3.837755458535899,0.9121836735717002
30311.831350612847,459.74511471775463,3153.0651155724045,2.0859680101708453,0.775651863248659
32622.64044299825,588.1358490230681,2075.580241877688,4.61697316563026,0.8340179406107922
35950.77930700255,451.85935177315474,4516.991983154032,2.4988878820295057,0.7370349597431065
30514.258134842505,485.931362547787,2034.2539503622208,3.199474251104821,0.7617940107630885
34963.662472012365,574.5460500969203,4111.099338887153,1.2022924152969154,0.7002830245802892
35968.428489168895,568.3867133583617,4910.771329178171,2.704484951808923,0.7117795154945981
33342.438908169606,437.22028356925546,3312.9839844446105,4.32945415864398,0.9931851469530788
37709.12203745822,560.528661959142,2704.9202149878583,4.222595221453368,0.7727061085410286
31065.98253133772,491.63737734757854,4114.6130301301455,1.897274235414105,0.8989932128512006
30751.377817358087,496.593774417071,4451.384426046756,1.9043162840422507,0.9517299096398835
37281.887562036034,426.69599448318877,3639.2909482335417,4.269221248852947,0.8651981377709692
34954.91316206199,416.1203027514249,4901.105825768438,4.721593680677302,0.7459433500251869
36884.02396427736,545.5878613947531,2155.006164973883,1.3814436850920142,0.91843493120085
34348.273386037465,499.29223047105995,3514.3867949135847,2.800234557704901,0.8800754230298748
32464.02033239107,487.3701405230359,4155.36184196765,2.349817115856916,0.9193751768042125
38191.023176742,545.9016457304793,4587.921413447537,4.482753821829757,0.9309239868571262
37994.15878968979,553.102579798222,2537.76683572337,1.334099658720075,0.9926231103054235
36946.96470854427,431.7816335338707,4400.010445291044,1.8445037702321496,0.8720689840080129
32721.451372299627,522.0450298955283,3658.121227155636,4.009873350345977,0.8024923338071805
35902.30666869087,427.0708164555371,3189.6610459698895,1.2051753959248623,0.8945393670700711
33609.73896940027,550.2750172058091,2395.1450857372806,2.970141522857157,0.7205322127727878
30915.82073326634,531.3910312534279,4595.887276726737,2.76842813871888,0.969219195496476
39173.13575462243,591.3229242166916,2471.819624539146,2.3376047159549946,0.735814303401459
31368.186309189616,413.79160327128426,2929.3635776272977,2.578289261275695,0.7983528513657454
39502.37353820803,411.41094423025083,2870.1365958873107,3.1197623477209317,0.9447236141878362
34460.05772957956,456.43741493864,4614.242102572563,1.6454694335535325,0.8791937134992135
